,AGENT_RK,area_name,office_rk,office_CITY,CLASS,AG_GP,AG_AGE,AG_TENURE,SEX,CLIENT_INCOME,total_aum,AG_LOAN_POL_CNT_HIS,RELATION_POL_CNT,RELATION_CUST_CNT,ACT_MONTHS,CHN_AG_CNT_HIS,CHN_AG_RECENCY,CHN_AG_CNT_3M,CHN_AG_CNT_6M,CHN_AG_CNT_9M,CHN_AG_CNT_12M,CHN_AG_RATE_3M,CHN_AG_RATE_6M,CHN_AG_RATE_9M,CHN_AG_RATE_12M,CALLOUT_AG_CNT_HIS,CALLOUT_POL_CNT_HIS,CALLOUT_AG_RECENCY,CALLOUT_POL_RATE_HIS,CALLOUT_AG_CNT_3M,CALLOUT_AG_CNT_6M,CALLOUT_AG_CNT_9M,CALLOUT_AG_CNT_12M,CALLOUT_POL_CNT_3M,CALLOUT_POL_CNT_6M,CALLOUT_POL_CNT_9M,CALLOUT_POL_CNT_12M,CALLOUT_AG_RATE_3M,CALLOUT_AG_RATE_6M,CALLOUT_AG_RATE_9M,CALLOUT_AG_RATE_12M,CALLOUT_POL_RATE_3M,CALLOUT_POL_RATE_6M,CALLOUT_POL_RATE_9M,CALLOUT_POL_RATE_12M,Y_CNT_HIS,Y_RECENCY_HIS,Y1_CNT_HIS,Y1_RECENCY_HIS,Y2_CNT_HIS,Y2_RECENCY_HIS,Y3_CNT_HIS,Y3_RECENCY_HIS,Y_RISK_FLG,Y1_RISK_FLG,Y2_RISK_FLG,Y3_RISK_FLG,HOLD_CUST_CNT,HOLD_CUST_CNT_HIS,AVG_AFYP_HOLD,AVG_POL_CNT_HOLD,AVG_POL_CNT_HOLD_HIS,INS_CUST_CNT,INS_CUST_CNT_HIS,AVG_AFYP_INS,AVG_POL_CNT_INS,AVG_POL_CNT_INS_HIS,G0_CNT_AG,G1_CNT_AG,G2_CNT_AG,G3_CNT_AG,G4_CNT_AG,TOT_CNT_AG,FAN_CUST_CNT,FAN_CUST_RATE,EVER_VIP_CNT,EVER_VIP_CNT_HIS,EVER_VIP_RATE,EVER_VIP_RATE_HIS,UNDERTAKE_CUST_CNT,UNDERTAKE_CUST_CNT_HIS,UNDERTAKE_CUST_RATE,UNDERTAKE_CUST_RATE_HIS,PURCHASE_CUST_CNT_1YR,PURCHASE_CUST_CNT_2YR,PURCHASE_CUST_CNT_3YR,PURCHASE_CUST_RATE_1YR,PURCHASE_CUST_RATE_2YR,PURCHASE_CUST_RATE_3YR,POL_1_CNT,POL_3_CNT,POL_4_CNT,POL_1_RATE,POL_3_RATE,POL_4_RATE,CONTACT_1_CNT,CONTACT_1_RATE,FOREIGN_CUR_CUST_CNT,FOREIGN_CUR_CUST_RATE,FAIL_POL_CUST_CNT,FAIL_POL_CUST_RATE,ADDRESS_3_POL_RATE,ADDRESS_4_POL_RATE,ADDRESS_5_POL_RATE,ADDRESS_2_CUST_RATE,ADDRESS_3_CUST_RATE,ADDRESS_4_CUST_RATE,PHONE_3_POL_RATE,PHONE_4_POL_RATE,PHONE_5_POL_RATE,PHONE_2_CUST_RATE,PHONE_3_CUST_RATE,PHONE_4_CUST_RATE,CELL_3_POL_RATE,CELL_4_POL_RATE,CELL_5_POL_RATE,CELL_2_CUST_RATE,CELL_3_CUST_RATE,CELL_4_CUST_RATE,AG_CELL_SAME_POL_CNT,AG_CELL_SAME_CUST_CNT,AGRELATION_ADDRESS_SAME_POL_CNT,AGRELATION_ADDRESS_SAME_CUST_CNT,AGRELATION_PHONE_SAME_POL_CNT,AGRELATION_PHONE_SAME_CUST_CNT,AGRELATION_CELL_SAME_POL_CNT,AGRELATION_CELL_SAME_CUST_CNT,selfpay_cnt,selfpay_RATE,selfpay_REG_cnt,selfpay_REG_RATE,NEW_CUST,NEW_CUST_RATE,LOAN_POL_CNT_HIS,LOAN_POL_RATE,LOAN_CUST_CNT_HIS,LOAN_CUST_RATE,APL_POL_CNT_HIS,APL_POL_RATE,APL_CUST_CNT_HIS,APL_CUST_RATE,VALID_CNT_3M,VALID_CNT_6M,VALID_CNT_9M,VALID_CNT_12M,INVALID_CNT_3M,INVALID_CNT_6M,INVALID_CNT_9M,INVALID_CNT_12M,INVALID_CNT_RATE_3M,INVALID_CNT_RATE_6M,INVALID_CNT_RATE_9M,INVALID_CNT_RATE_12M,DISCON_CNT_3M,DISCON_CNT_6M,DISCON_CNT_9M,DISCON_CNT_12M,DISCON_CNT_RATE_3M,DISCON_CNT_RATE_6M,DISCON_CNT_RATE_9M,DISCON_CNT_RATE_12M,TERMINATION_CNT_3M,TERMINATION_CNT_6M,TERMINATION_CNT_9M,TERMINATION_CNT_12M,TERMINATION_CNT_RATE_3M,TERMINATION_CNT_RATE_6M,TERMINATION_CNT_RATE_9M,TERMINATION_CNT_RATE_12M,ST_INVALID_CNT_3M,ST_INVALID_CNT_6M,ST_INVALID_CNT_9M,ST_INVALID_CNT_12M,ST_INVALID_CNT_RATE_3M,ST_INVALID_CNT_RATE_6M,ST_INVALID_CNT_RATE_9M,ST_INVALID_CNT_RATE_12M,ST_DISCON_CNT_3M,ST_DISCON_CNT_6M,ST_DISCON_CNT_9M,ST_DISCON_CNT_12M,ST_DISCON_CNT_RATE_3M,ST_DISCON_CNT_RATE_6M,ST_DISCON_CNT_RATE_9M,ST_DISCON_CNT_RATE_12M,ST_TERMINATION_CNT_3M,ST_TERMINATION_CNT_6M,ST_TERMINATION_CNT_9M,ST_TERMINATION_CNT_12M,ST_TERMINATION_CNT_RATE_3M,ST_TERMINATION_CNT_RATE_6M,ST_TERMINATION_CNT_RATE_9M,ST_TERMINATION_CNT_RATE_12M,CNACEL_CNT_HIS,ST_CNACEL_CNT_3M,ST_CNACEL_CNT_6M,ST_CNACEL_CNT_9M,ST_CNACEL_CNT_12M,CNACEL_CNT_RATE,ST_CNACEL_CNT_RATE_3M,ST_CNACEL_CNT_RATE_6M,ST_CNACEL_CNT_RATE_9M,ST_CNACEL_CNT_RATE_12M,FAIL_CNT_HIS,FAIL_CNT_RATE,DISCON_CNT_HIS,DISCON_CNT_RATE,TERMINATION_CNT_HIS,TERMINATION_CNT_RATE,TAKE_CNT_HIS,TAKE_CNT_RATE,TAKE_CNT_3M,TAKE_CNT_6M,TAKE_CNT_9M,TAKE_CNT_12M,TAKE_CNT_RATE_3M,TAKE_CNT_RATE_6M,TAKE_CNT_RATE_9M,TAKE_CNT_RATE_12M,UNDERTAKE_CNT_HIS,UNDERTAKE_CNT_RATE,UNDERTAKE_CNT_3M,UNDERTAKE_CNT_6M,UNDERTAKE_CNT_9M,UNDERTAKE_CNT_12M,UNDERTAKE_CNT_RATE_3M,UNDERTAKE_CNT_RATE_6M,UNDERTAKE_CNT_RATE_9M,UNDERTAKE_CNT_RATE_12M,FOREIGN_CNT_HIS,FOREIGN_CNT_RATE,FOREIGN_CNT_3M,FOREIGN_CNT_6M,FOREIGN_CNT_9M,FOREIGN_CNT_12M,FOREIGN_CNT_RATE_3M,FOREIGN_CNT_RATE_6M,FOREIGN_CNT_RATE_9M,FOREIGN_CNT_RATE_12M,TOT_CNT_3M_HIS,TOT_CNT_6M_HIS,TOT_CNT_9M_HIS,TOT_CNT_12M_HIS,CNT_3M_RATE_HIS,CNT_6M_RATE_HIS,CNT_9M_RATE_HIS,CNT_12M_RATE_HIS,TOT_AFYP_3M_HIS,TOT_AFYP_6M_HIS,TOT_AFYP_9M_HIS,TOT_AFYP_12M_HIS,AFYP_3M_RATE_HIS,AFYP_6M_RATE_HIS,AFYP_9M_RATE_HIS,AFYP_12M_RATE_HIS,AVG_AFYP_3M_HIS,AVG_AFYP_6M_HIS,AVG_AFYP_9M_HIS,AVG_AFYP_12M_HIS,POLCNT_TREND_FLG,AFYP_TREND_FLG,POL_RATE_0M,POL_RATE_1M,POL_RATE_2M,POL_RATE_3M,POL_RATE_4M,POL_RATE_5M,POL_RATE_MAX,POL_RATE_JUMP_FLG,POL_RATE_JUMP_FLG2,REG_CNT,SIN_CNT,ILP_CNT,AH_CNT,REG_CNT_RATE,SIN_CNT_RATE,ILP_CNT_RATE,AH_CNT_RATE,REG_AFYP,SIN_AFYP,ILP_AFYP,AH_AFYP,REG_AFYP_RATE,SIN_AFYP_RATE,ILP_AFYP_RATE,AH_AFYP_RATE,AVG_AFYP_REG,AVG_AFYP_SIN,AVG_AFYP_ILP,AVG_AFYP_AH,TOT_CNT,TOT_AFYP,AVG_AFYP,TOT_CNT_HIS,TOT_AFYP_HIS,AVG_AFYP_HIS,AHa_CNT_HIS,REG_CNT_12M_HIS,SIN_CNT_12M_HIS,ILP_CNT_12M_HIS,AH_CNT_12M_HIS,REG_CNT_RATE_12M_HIS,SIN_CNT_RATE_12M_HIS,ILP_CNT_RATE_12M_HIS,AH_CNT_RATE_12M_HIS,REG_AFYP_12M_HIS,SIN_AFYP_12M_HIS,ILP_AFYP_12M_HIS,AH_AFYP_12M_HIS,REG_AFYP_RATE_12M_HIS,SIN_AFYP_RATE_12M_HIS,ILP_AFYP_RATE_12M_HIS,AH_AFYP_RATE_12M_HIS,AVG_AFYP_REG_12M_HIS,AVG_AFYP_SIN_12M_HIS,AVG_AFYP_ILP_12M_HIS,AVG_AFYP_AH_12M_HIS,CLAIM_NO_CNT,CLAIM_POL_CNT,CLAIM_POL_RATE,CLAIM_CUST_CNT,CLAIM_CUST_RATE,AVG_CLAIM_NO_AMT,AVG_CLAIM_POL_AMT,AVG_CLAIM_CUST_AMT,CLAIM_NO_REJECT_CNT,CLAIM_NO_REJECT_RATE,AHa_CLAIM_POL_CNT,AHa_CLAIM_POL_CNT2,AHa_CLAIM_POL_RATE,AHa_CLAIM_POL_RATE2,CLAIM_NO_CNT_3M,CLAIM_NO_CNT_6M,CLAIM_NO_CNT_9M,CLAIM_NO_CNT_12M,CLAIM_POL_CNT_3M,CLAIM_POL_CNT_6M,CLAIM_POL_CNT_9M,CLAIM_POL_CNT_12M,CLAIM_POL_RATE_3M,CLAIM_POL_RATE_6M,CLAIM_POL_RATE_9M,CLAIM_POL_RATE_12M,CLAIM_CUST_CNT_3M,CLAIM_CUST_CNT_6M,CLAIM_CUST_CNT_9M,CLAIM_CUST_CNT_12M,CLAIM_CUST_RATE_3M,CLAIM_CUST_RATE_6M,CLAIM_CUST_RATE_9M,CLAIM_CUST_RATE_12M,CLAIM_NO_TREND_FLG,CLAIM_POL_TREND_FLG,CLAIM_CUST_TREND_FLG,AVG_CLAIM_NO_AMT_3M,AVG_CLAIM_NO_AMT_6M,AVG_CLAIM_NO_AMT_9M,AVG_CLAIM_NO_AMT_12M,AVG_CLAIM_POL_AMT_3M,AVG_CLAIM_POL_AMT_6M,AVG_CLAIM_POL_AMT_9M,AVG_CLAIM_POL_AMT_12M,AVG_CLAIM_CUST_AMT_3M,AVG_CLAIM_CUST_AMT_6M,AVG_CLAIM_CUST_AMT_9M,AVG_CLAIM_CUST_AMT_12M,CLAIM_NO_REJECT_CNT_3M,CLAIM_NO_REJECT_CNT_6M,CLAIM_NO_REJECT_CNT_9M,CLAIM_NO_REJECT_CNT_12M,CLAIM_NO_REJECT_RATE_3M,CLAIM_NO_REJECT_RATE_6M,CLAIM_NO_REJECT_RATE_9M,CLAIM_NO_REJECT_RATE_12M,AHa_CLAIM_POL_CNT_3M,AHa_CLAIM_POL_CNT_6M,AHa_CLAIM_POL_CNT_9M,AHa_CLAIM_POL_CNT_12M,AHa_CLAIM_POL_CNT2_3M,AHa_CLAIM_POL_CNT2_6M,AHa_CLAIM_POL_CNT2_9M,AHa_CLAIM_POL_CNT2_12M,AHa_CLAIM_POL_RATE_3M,AHa_CLAIM_POL_RATE_6M,AHa_CLAIM_POL_RATE_9M,AHa_CLAIM_POL_RATE_12M,AHa_CLAIM_POL_RATE2_3M,AHa_CLAIM_POL_RATE2_6M,AHa_CLAIM_POL_RATE2_9M,AHa_CLAIM_POL_RATE2_12M,Y
0,1,1,77,2,1,2,50,21,1,1080000,864847,2,38,7,0,5,0.0,1,2,2,2,0.2,0.4,0.4,0.4,0,0,-1.0,0.0,0,0,0,0,0,0,0,0,0.0,0.0,0.0,0.0,0.0,0.0,0.0,0.0,0,-1.0,0,-1.0,0,-1.0,0,-1.0,0,0,0,0,205,228,49420,2.37,2.45,301,336,33658,1.61,1.66,3,6,2,34,145,190,11,0.0579,30,32,0.0997,0.0952,0,0,0.0,0.0,0,3,3,0.0,0.0089,0.0089,198,84,19,0.6578,0.2791,0.0631,254,0.7559999999999999,64,0.1905,64,0.1905,0.4432,0.2784,0.2045,0.267,0.0739,0.0455,0.3714,0.2048,0.1238,0.2,0.0524,0.0143,0.3409,0.2159,0.125,0.0909,0.017,0.0114,0,0,0,0,0,0,0,0,256,0.4579999999999999,108,0.2227,0,0.0,12,0.0215,7,0.0307,25,0.0447,17,0.0746,485,486,488,492,1,4,4,9,0.0021,0.0081999999999999,0.0081999999999999,0.0183,1,1,1,1,0.0021,0.0021,0.002,0.002,0,0,0,0,0.0,0.0,0.0,0.0,0,0,0,0,0.0,0.0,0.0,0.0,0,0,0,0,0.0,0.0,0.0,0.0,0,0,0,0,0.0,0.0,0.0,0.0,0,0,0,0,0,0.0,0.0,0.0,0.0,0.0,74,0.1324,4,0.0072,30,0.0537,5,0.0089,0,0,0,0,0.0,0.0,0.0,0.0,0,0.0,0,0,0,0,0.0,0.0,0.0,0.0,83,0.1485,0,0,0,0,0.0,0.0,0.0,0.0,0,0,0,0,0.0,0.0,0.0,0.0,0,0,0,0,0.0,0.0,0.0,0.0,0,0,0,0,7,7,0.0,0.0,0.0,0.0,0.0,0.0,0.0,0,0,197,4,26,258,0.4062,0.0081999999999999,0.0536,0.532,2948413,1812909,2198304,3171387,0.291,0.1789,0.217,0.313,14967,453227,84550,12292,485,10131012,20889,559,19427312,34754,51,0,0,0,0,0.0,0.0,0.0,0.0,0,0,0,0,0.0,0.0,0.0,0.0,0,0,0,0,1165,323,0.5778,189,0.5625,32832,118420,202379,12,0.0103,37,279,0.7255,5.470599999999999,19,35,57,74,32,48,62,68,0.0572,0.0859,0.1109,0.1216,16,24,33,38,0.0476,0.0714,0.0982,0.1131,4,1,1,149810,147416,107028,92210,88950,107491,98397,100346,177899,214982,184867,179567,1,1,2,3,0.0526,0.0286,0.0351,0.0405,5,6,8,8,5,8,13,16,0.098,0.1176,0.1569,0.1569,0.098,0.1569,0.2549,0.3137,0
1,2,5,315,18,1,4,44,11,1,720000,1577053,0,10,3,8,0,-1.0,0,0,0,0,0.0,0.0,0.0,0.0,0,0,-1.0,0.0,0,0,0,0,0,0,0,0,0.0,0.0,0.0,0.0,0.0,0.0,0.0,0.0,0,-1.0,0,-1.0,0,-1.0,0,-1.0,0,0,0,0,9,9,545897,2.44,2.44,12,12,409422,1.83,1.83,1,1,10,0,0,12,12,1.0,0,0,0.0,0.0,0,0,0.0,0.0,12,12,12,1.0,1.0,1.0,7,4,1,0.5833,0.3333,0.0833,7,0.5833,0,0.0,0,0.0,0.2,0.1,0.1,0.1,0.0,0.0,0.4,0.4,0.2,0.0,0.0,0.0,0.25,0.25,0.25,0.125,0.0,0.0,0,0,0,0,0,0,0,0,11,0.5,0,0.0,0,0.0,0,0.0,0,0.0,0,0.0,0,0.0,13,9,1,0,0,0,0,0,0.0,0.0,0.0,0.0,0,0,0,0,0.0,0.0,0.0,0.0,0,0,0,0,0.0,0.0,0.0,0.0,0,0,0,0,0.0,0.0,0.0,0.0,0,0,0,0,0.0,0.0,0.0,0.0,0,0,0,0,0.0,0.0,0.0,0.0,1,0,1,1,1,0.0435,0.0,0.0714,0.0455,0.0435,0,0.0,0,0.0,0,0.0,0,0.0,0,0,0,0,0.0,0.0,0.0,0.0,0,0.0,0,0,0,0,0.0,0.0,0.0,0.0,0,0.0,0,0,0,0,0.0,0.0,0.0,0.0,10,13,21,22,0.4545,0.5909000000000001,0.9545,1.0,429280,500704,4880949,4913069,0.0874,0.1019,0.9935,1.0,42928,38516,232426,223321,4,6,4.0,-0.75,3.0,-1.0,-0.5,1.0,4.0,2,1,7,0,7,8,0.3182,0.0,0.3182,0.3636,505534,0,4236000,171535,0.1029,0.0,0.8622,0.0349,72219,0,605143,21442,22,4913069,223321,22,4913069,223321,4,7,0,7,8,0.3182,0.0,0.3182,0.3636,505534,0,4236000,171535,0.1029,0.0,0.8622,0.0349,72219,0,605143,21442,8,2,0.0909,2,0.1667,33112,132448,132448,0,0.0,0,0,0.0,0.0,0,1,1,1,0,1,1,1,0.0,0.0455,0.0455,0.0455,0,1,1,1,0.0,0.0833,0.0833,0.0833,5,5,5,0,15420,15420,15420,0,15420,15420,15420,0,15420,15420,15420,0,0,0,0,0.0,0.0,0.0,0.0,0,0,0,0,0,0,0,0,0.0,0.0,0.0,0.0,0.0,0.0,0.0,0.0,0
2,3,5,60,18,1,4,46,26,1,720000,1787055,0,34,5,3,0,-1.0,0,0,0,0,0.0,0.0,0.0,0.0,1,1,5.0,0.0066,0,1,1,1,0,1,1,1,0.0,1.0,1.0,1.0,0.0,1.0,0.5,0.1667,0,-1.0,0,-1.0,0,-1.0,0,-1.0,0,0,0,0,53,57,654162,2.55,2.65,71,76,488318,1.9,1.99,3,4,6,16,38,67,13,0.1939999999999999,4,4,0.0563,0.0526,0,0,0.0,0.0,6,13,17,0.0789,0.1711,0.2237,47,16,8,0.662,0.2254,0.1127,52,0.6842,9,0.1184,15,0.1974,0.4118,0.2157,0.1373,0.1765,0.0588,0.0196,0.2549,0.2157,0.1569,0.1373,0.0392,0.0196,0.3,0.18,0.16,0.12,0.04,0.0,2,1,3,2,1,1,2,1,66,0.4371,10,0.0741,0,0.0,0,0.0,0,0.0,0,0.0,0,0.0,135,134,135,130,0,0,2,2,0.0,0.0,0.0148,0.0154,0,0,0,0,0.0,0.0,0.0,0.0,0,0,0,0,0.0,0.0,0.0,0.0,0,0,0,0,0.0,0.0,0.0,0.0,0,0,0,0,0.0,0.0,0.0,0.0,0,0,0,0,0.0,0.0,0.0,0.0,0,0,0,0,0,0.0,0.0,0.0,0.0,0.0,16,0.106,0,0.0,6,0.0397,0,0.0,0,0,0,0,0.0,0.0,0.0,0.0,0,0.0,0,0,0,0,0.0,0.0,0.0,0.0,12,0.0795,0,0,0,0,0.0,0.0,0.0,0.0,0,1,2,6,0.0,0.0066,0.0132,0.0397,0,1035090,1037790,2317790,0.0,0.0272,0.0273,0.061,0,1035090,518895,386298,6,5,0.0,0.0,0.0,0.0,-1.0,0.0,0.0,0,0,44,18,15,58,0.3259,0.1333,0.1111,0.4296,1583151,25649733,6805945,631774,0.0457,0.7398,0.1963,0.0182,35981,1424985,453730,10893,135,34670603,256819,151,37988555,251580,12,0,1,4,1,0.0,0.1667,0.6667000000000001,0.1667,0,1035090,1280000,2700,0.0,0.4466,0.5523,0.0012,0,1035090,320000,2700,133,71,0.4702000000000001,35,0.4605,15279,28622,58061,3,0.0226,6,34,0.5,2.8333,3,3,5,6,10,10,12,13,0.0662,0.0662,0.0795,0.0861,2,2,4,5,0.0263,0.0263,0.0526,0.0658,4,1,4,9613,9613,5768,8306,2884,2884,2403,3834,14419,14419,7210,9968,0,0,0,0,0.0,0.0,0.0,0.0,2,2,2,2,3,3,3,3,0.1667,0.1667,0.1667,0.1667,0.25,0.25,0.25,0.25,0
3,4,1,249,2,1,2,63,25,0,900000,1074121,0,25,5,4,5,29.0,0,0,0,0,0.0,0.0,0.0,0.0,1,1,5.0,0.0021,0,1,1,1,0,1,1,1,0.0,1.0,1.0,1.0,0.0,0.3333,0.25,0.2,5,17.0,1,100.0,1,151.0,3,17.0,0,0,0,0,199,243,35535,1.85,1.97,231,283,30612,1.6,1.69,2,0,5,31,321,359,7,0.0195,6,6,0.026,0.0212,0,0,0.0,0.0,4,19,30,0.0141,0.0671,0.106,148,68,15,0.6406999999999999,0.2944,0.0649,222,0.7845000000000001,28,0.0989,81,0.2862,0.2341,0.1561,0.0877999999999999,0.1659,0.0439,0.0293,0.1909,0.1,0.0773,0.1,0.0273,0.0136,0.2258,0.1152,0.0507,0.0415,0.0,0.0,0,0,0,0,0,0,0,0,263,0.5491,66,0.1789,0,0.0,13,0.0271,11,0.0453,16,0.0334,15,0.0617,371,373,373,375,4,9,9,12,0.0108,0.0241,0.0241,0.032,3,6,3,5,0.0081,0.0161,0.008,0.0133,0,0,0,0,0.0,0.0,0.0,0.0,0,0,0,0,0.0,0.0,0.0,0.0,0,0,0,0,0.0,0.0,0.0,0.0,0,0,0,0,0.0,0.0,0.0,0.0,0,0,0,0,0,0.0,0.0,0.0,0.0,0.0,110,0.2296,46,0.096,16,0.0334,0,0.0,0,0,0,0,0.0,0.0,0.0,0.0,0,0.0,0,0,0,0,0.0,0.0,0.0,0.0,36,0.0752,0,0,0,1,0.0,0.0,0.0,0.0021,2,3,4,5,0.0042,0.0063,0.0084,0.0104,31951,53023,65721,189632,0.0031,0.0051,0.0063,0.0182,15976,17674,16430,37926,1,1,1.0,0.0,0.0,0.0,-1.0,0.0,1.0,0,0,125,1,28,215,0.3388,0.0027,0.0759,0.5827,3310357,33330,1019856,2707932,0.4681,0.0047,0.1442,0.3829,26483,33330,36423,12595,369,7071475,19164,479,10429017,21772,97,2,0,0,3,0.4,0.0,0.0,0.6,144983,0,0,44649,0.7645000000000001,0.0,0.0,0.2355,72492,0,0,14883,991,250,0.5219,174,0.6148,25826,102373,147087,13,0.0131,43,212,0.4433,2.1856,11,21,31,38,15,27,37,39,0.0313,0.0564,0.0772,0.0814,8,17,24,26,0.0283,0.0601,0.0848,0.0919,1,1,5,28039,39870,53868,46983,20562,31010,45133,45778,38554,49251,69580,68667,0,0,0,0,0.0,0.0,0.0,0.0,2,5,5,6,2,5,5,7,0.0206,0.0515,0.0515,0.0619,0.0206,0.0515,0.0515,0.0722,0
4,5,3,347,14,1,4,35,0,1,1080000,1168503,0,0,0,1,0,-1.0,0,0,0,0,0.0,0.0,0.0,0.0,0,0,-1.0,0.0,0,0,0,0,0,0,0,0,0.0,0.0,0.0,0.0,0.0,0.0,0.0,0.0,0,-1.0,0,-1.0,0,-1.0,0,-1.0,0,0,0,0,1,1,56800,2.0,2.0,2,2,28400,1.0,1.0,0,0,2,0,0,2,2,1.0,0,0,0.0,0.0,0,0,0.0,0.0,2,2,2,1.0,1.0,1.0,2,0,0,1.0,0.0,0.0,2,1.0,0,0.0,0,0.0,0.0,0.0,0.0,0.0,0.0,0.0,0.0,0.0,0.0,0.0,0.0,0.0,0.0,0.0,0.0,0.0,0.0,0.0,0,0,0,0,0,0,0,0,0,0.0,0,0.0,0,0.0,0,0.0,0,0.0,0,0.0,0,0.0,0,0,0,0,0,0,0,0,0.0,0.0,0.0,0.0,0,0,0,0,0.0,0.0,0.0,0.0,0,0,0,0,0.0,0.0,0.0,0.0,0,0,0,0,0.0,0.0,0.0,0.0,0,0,0,0,0.0,0.0,0.0,0.0,0,0,0,0,0.0,0.0,0.0,0.0,0,0,0,0,0,0.0,0.0,0.0,0.0,0.0,0,0.0,0,0.0,0,0.0,0,0.0,0,0,0,0,0.0,0.0,0.0,0.0,0,0.0,0,0,0,0,0.0,0.0,0.0,0.0,0,0.0,0,0,0,0,0.0,0.0,0.0,0.0,2,2,2,2,1.0,1.0,1.0,1.0,56800,56800,56800,56800,1.0,1.0,1.0,1.0,28400,28400,28400,28400,1,1,1.0,0.0,0.0,0.0,0.0,0.0,1.0,0,0,0,0,0,2,0.0,0.0,0.0,1.0,0,0,0,56800,0.0,0.0,0.0,1.0,0,0,0,28400,2,56800,28400,2,56800,28400,2,0,0,0,2,0.0,0.0,0.0,1.0,0,0,0,56800,0.0,0.0,0.0,1.0,0,0,0,28400,0,0,0.0,0,0.0,0,0,0,0,0.0,0,0,0.0,0.0,0,0,0,0,0,0,0,0,0.0,0.0,0.0,0.0,0,0,0,0,0.0,0.0,0.0,0.0,0,0,0,0,0,0,0,0,0,0,0,0,0,0,0,0,0,0,0,0.0,0.0,0.0,0.0,0,0,0,0,0,0,0,0,0.0,0.0,0.0,0.0,0.0,0.0,0.0,0.0,0
5,6,4,285,6,3,4,44,20,0,1080000,252353,1,10,5,0,11,1.0,1,2,2,3,0.0909,0.1818,0.1818,0.2727,0,0,-1.0,0.0,0,0,0,0,0,0,0,0,0.0,0.0,0.0,0.0,0.0,0.0,0.0,0.0,0,-1.0,0,-1.0,0,-1.0,0,-1.0,0,0,0,0,87,100,38261,1.89,1.96,105,124,31702,1.56,1.58,0,3,2,16,101,122,5,0.0409999999999999,11,14,0.1048,0.1129,2,2,0.0187,0.0159,0,0,8,0.0,0.0,0.0645,61,41,3,0.5810000000000001,0.3905,0.0286,95,0.7661,8,0.0645,27,0.2177,0.1753,0.1134,0.0825,0.134,0.0412,0.0206,0.1684,0.0737,0.0526,0.1158,0.0211,0.0211,0.225,0.1,0.0375,0.0375,0.0,0.0,0,0,10,5,8,3,0,0,97,0.4949,33,0.2012,0,0.0,1,0.0051,1,0.01,8,0.0408,7,0.07,165,164,168,168,1,1,4,4,0.0061,0.0061,0.0238,0.0238,0,0,2,2,0.0,0.0,0.0119,0.0119,0,0,0,0,0.0,0.0,0.0,0.0,0,0,0,0,0.0,0.0,0.0,0.0,0,0,0,0,0.0,0.0,0.0,0.0,0,0,0,0,0.0,0.0,0.0,0.0,0,0,0,0,0,0.0,0.0,0.0,0.0,0.0,32,0.1632999999999999,4,0.0204,14,0.0714,2,0.0102,0,0,0,0,0.0,0.0,0.0,0.0,2,0.0101,0,0,0,0,0.0,0.0,0.0,0.0,9,0.0459,0,0,0,0,0.0,0.0,0.0,0.0,0,0,0,0,0.0,0.0,0.0,0.0,0,0,0,0,0.0,0.0,0.0,0.0,0,0,0,0,7,7,0.0,0.0,0.0,0.0,0.0,0.0,0.0,0,0,63,0,11,90,0.3841,0.0,0.0671,0.5488000000000001,1313431,0,988000,1027243,0.3946,0.0,0.2968,0.3086,20848,0,89818,11414,164,3328674,20297,196,9246237,47175,17,0,0,0,0,0.0,0.0,0.0,0.0,0,0,0,0,0.0,0.0,0.0,0.0,0,0,0,0,433,142,0.7245,88,0.7097,16826,51309,82794,3,0.0069,10,56,0.5882000000000001,3.2941000000000003,2,7,10,14,2,12,16,19,0.0102,0.0612,0.0816,0.0969,2,7,10,13,0.0161,0.0565,0.0806,0.1048,5,5,5,401825,118063,92944,69508,401825,68870,58090,51216,401825,118063,92944,74854,0,0,0,0,0.0,0.0,0.0,0.0,0,0,2,4,0,0,2,4,0.0,0.0,0.1176,0.2353,0.0,0.0,0.1176,0.2353,0
6,7,1,8,2,2,2,43,5,1,1170000,2103705,2,29,8,5,0,-1.0,0,0,0,0,0.0,0.0,0.0,0.0,0,0,-1.0,0.0,0,0,0,0,0,0,0,0,0.0,0.0,0.0,0.0,0.0,0.0,0.0,0.0,0,-1.0,0,-1.0,0,-1.0,0,-1.0,0,0,0,0,49,57,895400,2.29,2.26,54,64,812493,2.07,2.02,9,2,4,31,46,92,15,0.163,24,24,0.4444,0.375,34,34,0.3864,0.3469,6,17,26,0.0938,0.2656,0.4063000000000001,27,19,8,0.5,0.3519,0.1481,45,0.7031000000000001,11,0.1719,13,0.2031,0.3261,0.2609,0.1957,0.2174,0.0435,0.0217,0.3846,0.2564,0.1795,0.1795,0.1282,0.0769,0.3269,0.1731,0.0962,0.0769,0.0,0.0,0,0,2,1,5,1,0,0,42,0.3256000000000001,6,0.0536,0,0.0,4,0.031,2,0.0351,5,0.0388,4,0.0702,112,112,106,107,1,2,3,3,0.0089,0.0179,0.0283,0.0279999999999999,1,2,3,3,0.0089,0.0179,0.0283,0.0279999999999999,0,0,0,0,0.0,0.0,0.0,0.0,0,0,0,0,0.0,0.0,0.0,0.0,0,0,0,0,0.0,0.0,0.0,0.0,0,0,0,0,0.0,0.0,0.0,0.0,0,0,0,0,0,0.0,0.0,0.0,0.0,0.0,17,0.1318,11,0.0853,1,0.0078,0,0.0,0,0,0,0,0.0,0.0,0.0,0.0,53,0.2912,0,0,0,1,0.0,0.0,0.0,0.1111,15,0.1163,1,2,2,4,0.0078,0.0155,0.0155,0.031,1,2,6,8,0.0078,0.0155,0.0465,0.062,917862,1296660,1369655,2030081,0.0204,0.0289,0.0305,0.0452,917862,648330,228276,253760,6,1,0.0,0.0,0.0,-1.0,0.0,0.0,0.0,0,0,59,14,0,39,0.5268,0.125,0.0,0.3482,18486744,23882414,0,1505449,0.4214,0.5443,0.0,0.0343,313335,1705887,0,38601,112,43874606,391738,129,44896084,348032,22,4,0,0,4,0.5,0.0,0.0,0.5,1957086,0,0,72995,0.964,0.0,0.0,0.036,489272,0,0,18249,28,22,0.1705,10,0.1563,8993,11446,25182,4,0.1429,6,17,0.2727,0.7726999999999999,4,4,4,5,13,13,13,13,0.1008,0.1008,0.1008,0.1008,4,4,4,4,0.0625,0.0625,0.0625,0.0625,1,1,1,5993,5993,5993,7155,1844,1844,1844,2752,5993,5993,5993,8944,0,0,0,0,0.0,0.0,0.0,0.0,3,3,3,3,3,3,3,3,0.1364,0.1364,0.1364,0.1364,0.1364,0.1364,0.1364,0.1364,0
7,8,1,278,11,1,1,54,23,1,1710000,5327555,0,58,7,9,8,37.0,0,0,0,0,0.0,0.0,0.0,0.0,2,2,2.0,0.0011,1,2,2,2,0,2,2,2,0.5,1.0,1.0,1.0,0.0,0.08,0.0714,0.0571,16,19.0,3,79.0,7,25.0,6,19.0,0,0,0,0,504,550,127423,3.01,3.17,692,748,92805,2.19,2.33,14,27,25,92,394,552,66,0.1196,39,40,0.0564,0.0535,2,2,0.0029,0.0027,27,65,95,0.0361,0.0868999999999999,0.127,310,271,111,0.4479999999999999,0.3916,0.1604,398,0.5321,70,0.0936,153,0.2045,0.4605,0.3372,0.2581,0.2674,0.0953,0.0442,0.3381,0.2283,0.1735,0.1929,0.0442,0.0124,0.3932,0.25,0.1859,0.0278,0.0021,0.0,0,0,0,0,1,1,0,0,671,0.3852,193,0.1274,0,0.0,33,0.0189,27,0.0491,81,0.0465,60,0.1091,1525,1523,1526,1528,22,32,44,51,0.0144,0.021,0.0288,0.0334,13,19,27,30,0.0085,0.0125,0.0177,0.0196,0,0,0,0,0.0,0.0,0.0,0.0,0,1,1,1,0.0,0.04,0.0357,0.0286,0,0,0,0,0.0,0.0,0.0,0.0,0,1,1,1,0.0,0.04,0.0357,0.0286,4,1,1,1,3,0.0023,0.0833,0.0385,0.0345,0.0789,227,0.1303,85,0.0488,38,0.0218,7,0.004,0,0,0,0,0.0,0.0,0.0,0.0,2,0.0011,0,0,0,0,0.0,0.0,0.0,0.0,83,0.0476,1,2,3,3,0.0006,0.0011,0.0017,0.0017,11,25,28,35,0.0063,0.0144,0.0161,0.0201,846467,4010633,4893792,7301836,0.0106,0.0501,0.0612,0.0913,76952,160425,174778,208624,5,5,-0.8,0.0,-0.2857,6.0,-1.0,6.0,6.0,2,1,487,12,57,959,0.3215,0.0079,0.0376,0.633,12644071,13898713,22586984,15091232,0.1969,0.2164,0.3517,0.235,25963,1158226,396263,15736,1515,64221000,42390,1742,79989608,45918,426,15,0,4,16,0.4286,0.0,0.1143,0.4571,1943639,0,4400000,958197,0.2662,0.0,0.6026,0.1311999999999999,129576,0,1100000,59887,2427,965,0.5539999999999999,420,0.5615,19388,48762,112036,26,0.0107,239,1512,0.561,3.5493,22,70,102,135,48,127,171,216,0.0276,0.0729,0.0982,0.124,19,48,64,81,0.0254,0.0642,0.0856,0.1083,5,5,5,12814,21413,32151,34309,5873,11802,19178,21443,14837,31227,51240,57181,2,3,4,4,0.0909,0.0429,0.0392,0.0296,14,33,43,56,20,52,75,100,0.0329,0.0775,0.1009,0.1315,0.0469,0.1221,0.1761,0.2347,0
8,10,4,200,10,1,2,63,20,1,1080000,1580143,2,35,6,7,2,34.0,0,0,0,0,0.0,0.0,0.0,0.0,0,0,-1.0,0.0,0,0,0,0,0,0,0,0,0.0,0.0,0.0,0.0,0.0,0.0,0.0,0.0,0,-1.0,0,-1.0,0,-1.0,0,-1.0,0,0,0,0,105,119,246001,2.68,2.78,145,167,178138,1.94,1.98,4,6,8,14,99,131,18,0.1374,8,8,0.0552,0.0479,0,0,0.0,0.0,12,17,27,0.0719,0.1018,0.1617,79,48,18,0.5448,0.331,0.1241,102,0.6108,8,0.0479,35,0.2096,0.4839,0.3656,0.2581,0.3656,0.129,0.0323,0.4653000000000001,0.3564,0.2574,0.3069,0.0891,0.0297,0.314,0.2209,0.1628,0.0814,0.0,0.0,0,0,14,5,2,2,1,1,151,0.4562,43,0.153,0,0.0,8,0.0242,5,0.042,19,0.0574,13,0.1092,282,285,285,282,2,8,14,16,0.0071,0.0281,0.0491,0.0567,0,1,2,2,0.0,0.0035,0.0069999999999999,0.0071,0,0,0,0,0.0,0.0,0.0,0.0,0,0,0,0,0.0,0.0,0.0,0.0,0,0,0,0,0.0,0.0,0.0,0.0,0,0,0,0,0.0,0.0,0.0,0.0,1,0,0,1,1,0.003,0.0,0.0,0.0909,0.0714,50,0.1510999999999999,14,0.0423,8,0.0242,0,0.0,0,0,0,0,0.0,0.0,0.0,0.0,0,0.0,0,0,0,0,0.0,0.0,0.0,0.0,12,0.0363,1,1,1,2,0.003,0.003,0.003,0.006,1,3,10,13,0.003,0.0091,0.0302,0.0393,1198040,2653240,7234958,7465754,0.0393,0.087,0.2374,0.2449,1198040,884413,723496,574289,6,6,-1.0,0.0,0.0,0.0,-1.0,-0.3333,0.0,0,0,105,17,7,152,0.3737,0.0605,0.0249,0.5409,2502621,15726943,4986000,2614503,0.0969,0.6089,0.193,0.1012,23834,925114,712286,17201,281,25830067,91922,331,30479708,92084,44,2,2,6,3,0.1538,0.1538,0.4615,0.2308,298493,2153240,4950000,64021,0.04,0.2884,0.6629999999999999,0.0086,149246,1076620,825000,21340,551,172,0.5196000000000001,96,0.5749000000000001,17310,55454,99354,6,0.0109,25,203,0.5682,4.6136,16,19,23,28,32,34,35,43,0.0967,0.1027,0.1057,0.1299,12,14,15,18,0.0719,0.0838,0.0898,0.1078,1,1,1,8802,10604,33020,29963,4401,5926,21699,19511,11737,14391,50631,46609,0,0,0,0,0.0,0.0,0.0,0.0,3,4,4,5,4,6,6,7,0.0682,0.0909,0.0909,0.1136,0.0909,0.1364,0.1364,0.1591,0
9,12,4,264,3,1,4,61,23,0,900000,1386563,0,32,8,2,0,-1.0,0,0,0,0,0.0,0.0,0.0,0.0,0,0,-1.0,0.0,0,0,0,0,0,0,0,0,0.0,0.0,0.0,0.0,0.0,0.0,0.0,0.0,0,-1.0,0,-1.0,0,-1.0,0,-1.0,0,0,0,0,33,41,245940,2.21,2.2,44,55,184455,1.66,1.64,1,2,4,0,31,38,7,0.1842,1,1,0.0227,0.0182,0,0,0.0,0.0,5,8,8,0.0909,0.1455,0.1455,32,8,4,0.7273000000000001,0.1818,0.0909,43,0.7818,4,0.0727,16,0.2909,0.1951,0.0976,0.0732,0.2439,0.0244,0.0,0.25,0.125,0.125,0.175,0.05,0.0,0.2222,0.1481,0.1111,0.1111,0.0,0.0,0,0,2,1,0,0,0,0,53,0.5889,9,0.1233,0,0.0,1,0.0111,1,0.0244,4,0.0444,3,0.0732,73,73,71,68,0,0,0,0,0.0,0.0,0.0,0.0,0,0,0,0,0.0,0.0,0.0,0.0,0,0,0,0,0.0,0.0,0.0,0.0,0,0,0,0,0.0,0.0,0.0,0.0,0,0,0,0,0.0,0.0,0.0,0.0,0,0,0,0,0.0,0.0,0.0,0.0,0,0,0,0,0,0.0,0.0,0.0,0.0,0.0,17,0.1889,1,0.0111,0,0.0,0,0.0,0,0,0,0,0.0,0.0,0.0,0.0,0,0.0,0,0,0,0,0.0,0.0,0.0,0.0,5,0.0556,0,0,0,0,0.0,0.0,0.0,0.0,0,0,2,5,0.0,0.0,0.0222,0.0556,0,0,2000000,4070000,0.0,0.0,0.2436,0.4957,0,0,1000000,814000,6,6,0.0,0.0,0.0,0.0,0.0,0.0,0.0,0,0,24,5,6,38,0.3288,0.0684999999999999,0.0822,0.5205,206293,3498957,4082000,328767,0.0254,0.4311,0.503,0.0405,8596,699791,680333,8652,73,8116017,111178,90,8211375,91237,10,0,0,5,0,0.0,0.0,1.0,0.0,0,0,4070000,0,0.0,0.0,1.0,0.0,0,0,814000,0,67,30,0.3333,23,0.4182,47651,106420,138809,1,0.0149,3,13,0.3,1.3,1,1,2,2,1,1,4,4,0.0111,0.0111,0.0444,0.0444,1,1,2,2,0.0182,0.0182,0.0364,0.0364,4,6,4,45947,45947,26044,26044,45947,45947,13022,13022,45947,45947,26044,26044,0,0,0,0,0.0,0.0,0.0,0.0,0,0,0,0,0,0,0,0,0.0,0.0,0.0,0.0,0.0,0.0,0.0,0.0,0
10,13,3,137,14,1,4,35,7,0,1800000,146166,0,14,7,1,0,-1.0,0,0,0,0,0.0,0.0,0.0,0.0,0,0,-1.0,0.0,0,0,0,0,0,0,0,0,0.0,0.0,0.0,0.0,0.0,0.0,0.0,0.0,0,-1.0,0,-1.0,0,-1.0,0,-1.0,0,0,0,0,48,68,99724,2.15,2.04,62,83,77205,1.66,1.67,0,0,2,11,57,70,2,0.0286,0,0,0.0,0.0,0,0,0.0,0.0,1,3,4,0.012,0.0361,0.0482,35,24,3,0.5645,0.3871,0.0484,62,0.747,11,0.1325,25,0.3012,0.3559,0.1694999999999999,0.1017,0.1864,0.0508,0.0,0.3929,0.25,0.2143,0.2143,0.1071,0.0,0.2769,0.1231,0.0769,0.0308,0.0,0.0,0,0,1,1,0,0,0,0,61,0.4388,10,0.0971,0,0.0,3,0.0216,3,0.0441,17,0.1223,12,0.1765,102,100,102,105,1,1,2,4,0.0098,0.01,0.0196,0.0381,0,0,0,0,0.0,0.0,0.0,0.0,0,0,0,0,0.0,0.0,0.0,0.0,0,0,0,0,0.0,0.0,0.0,0.0,0,0,0,0,0.0,0.0,0.0,0.0,0,0,0,0,0.0,0.0,0.0,0.0,0,0,0,0,0,0.0,0.0,0.0,0.0,0.0,36,0.259,14,0.1007,16,0.1151,0,0.0,0,0,0,0,0.0,0.0,0.0,0.0,0,0.0,0,0,0,0,0.0,0.0,0.0,0.0,21,0.1510999999999999,0,0,0,0,0.0,0.0,0.0,0.0,0,1,1,1,0.0,0.0072,0.0072,0.0072,0,3600,3600,3600,0.0,0.0006,0.0006,0.0006,0,3600,3600,3600,5,5,0.0,0.0,-1.0,0.0,0.0,0.0,0.0,0,0,38,4,1,60,0.3689,0.0388,0.0097,0.5825,1320260,2377541,36000,1052928,0.2758,0.4967,0.0075,0.22,34744,594385,36000,17549,103,4786729,46473,139,5582315,40161,38,0,0,0,1,0.0,0.0,0.0,1.0,0,0,0,3600,0.0,0.0,0.0,1.0,0,0,0,3600,122,54,0.3885,36,0.4337,13192,29805,44707,1,0.0081999999999999,15,63,0.3947,1.6579,2,2,2,6,6,6,6,11,0.0432,0.0432,0.0432,0.0791,2,2,2,6,0.0241,0.0241,0.0241,0.0723,1,1,1,6750,6750,6750,10648,2250,2250,2250,5808,6750,6750,6750,10648,0,0,0,0,0.0,0.0,0.0,0.0,2,2,2,4,2,2,2,4,0.0526,0.0526,0.0526,0.1053,0.0526,0.0526,0.0526,0.1053,0
11,14,1,10,2,4,2,69,38,0,900000,1959758,1,24,3,5,18,6.0,0,0,2,2,0.0,0.0,0.1111,0.1111,1,1,1.0,0.008,1,1,1,1,0,0,0,0,1.0,1.0,1.0,1.0,0.0,0.0,0.0,0.0,6,42.0,0,-1.0,1,115.0,5,42.0,0,0,0,0,58,66,98962,1.9,1.89,66,75,86966,1.67,1.67,5,4,6,55,347,417,15,0.036,8,8,0.1212,0.1067,0,0,0.0,0.0,6,12,14,0.08,0.16,0.1867000000000001,45,16,5,0.6818000000000001,0.2424,0.0758,58,0.7733,12,0.16,13,0.1732999999999999,0.2115,0.1923,0.1346,0.2115,0.0769,0.0385,0.2449,0.1429,0.0816,0.2449,0.0204,0.0,0.2041,0.1429,0.0816,0.0408,0.0204,0.0,0,0,0,0,0,0,0,0,56,0.4479999999999999,14,0.1273,0,0.0,2,0.016,2,0.0303,7,0.0559999999999999,7,0.1061,108,109,106,106,2,3,2,2,0.0185,0.0275,0.0189,0.0189,1,2,1,0,0.0093,0.0183,0.0094,0.0,0,0,0,0,0.0,0.0,0.0,0.0,0,0,0,0,0.0,0.0,0.0,0.0,0,0,0,0,0.0,0.0,0.0,0.0,0,0,0,0,0.0,0.0,0.0,0.0,0,0,0,0,0,0.0,0.0,0.0,0.0,0.0,15,0.12,7,0.0559999999999999,1,0.008,0,0.0,0,0,0,0,0.0,0.0,0.0,0.0,0,0.0,0,0,0,0,0.0,0.0,0.0,0.0,16,0.128,0,0,0,0,0.0,0.0,0.0,0.0,4,4,6,6,0.032,0.032,0.048,0.048,100514,100514,553330,553330,0.0162,0.0162,0.0889,0.0889,25129,25129,92222,92222,2,6,-0.5,1.0,0.0,0.0,0.0,0.0,1.0,0,0,28,3,18,61,0.2545,0.0273,0.1636,0.5545,749416,826223,2356976,1807173,0.1306,0.1439,0.4106,0.3149,26765,275408,130943,29626,110,5739787,52180,125,6222609,49781,43,1,0,0,5,0.1667,0.0,0.0,0.8333,30240,0,0,523090,0.0547,0.0,0.0,0.9453,30240,0,0,104618,97,43,0.344,27,0.36,35211,79430,126499,3,0.0309,18,82,0.4186,1.907,5,6,6,9,5,6,6,10,0.04,0.048,0.048,0.08,4,5,5,7,0.0533,0.0667,0.0667,0.0933,1,1,1,4137,6385,6385,46623,4137,6385,6385,41961,5171,7662,7662,59944,1,1,1,1,0.2,0.1667,0.1667,0.1111,0,1,1,3,0,1,1,3,0.0,0.0233,0.0233,0.0698,0.0,0.0233,0.0233,0.0698,0
12,15,5,290,3,3,2,36,10,0,1080000,918672,0,30,7,4,4,5.0,0,2,3,3,0.0,0.5,0.75,0.75,0,0,-1.0,0.0,0,0,0,0,0,0,0,0,0.0,0.0,0.0,0.0,0.0,0.0,0.0,0.0,0,-1.0,0,-1.0,0,-1.0,0,-1.0,0,0,0,0,58,66,169918,1.84,1.85,66,74,149322,1.62,1.65,0,10,10,22,82,124,20,0.1613,3,3,0.0455,0.0405,41,48,0.3832,0.3934,5,6,10,0.0676,0.0810999999999999,0.1351,46,15,5,0.6970000000000001,0.2273,0.0758,64,0.8649,10,0.1351,11,0.1486,0.2222,0.127,0.0952,0.0952,0.0317,0.0,0.1786,0.0357,0.0357,0.0357,0.0,0.0,0.1719,0.0938,0.0469,0.0,0.0,0.0,0,0,2,2,0,0,0,0,35,0.2869,6,0.0561,0,0.0,1,0.0081999999999999,1,0.0152,10,0.0819999999999999,10,0.1515,107,105,107,105,0,1,3,3,0.0,0.0095,0.0279999999999999,0.0286,0,1,2,2,0.0,0.0095,0.0187,0.019,0,0,0,0,0.0,0.0,0.0,0.0,0,0,0,0,0.0,0.0,0.0,0.0,0,0,0,0,0.0,0.0,0.0,0.0,0,0,0,0,0.0,0.0,0.0,0.0,0,0,0,0,0,0.0,0.0,0.0,0.0,0.0,15,0.123,9,0.0738,5,0.0409999999999999,0,0.0,0,0,0,0,0.0,0.0,0.0,0.0,76,0.3838,0,0,6,9,0.0,0.0,0.6667000000000001,0.6429,12,0.0984,0,0,0,0,0.0,0.0,0.0,0.0,0,2,3,5,0.0,0.0163999999999999,0.0246,0.0409999999999999,0,318781,328191,348043,0.0,0.032,0.033,0.035,0,159391,109397,69609,6,5,0.0,0.0,-1.0,0.0,-1.0,0.0,0.0,0,0,40,5,5,57,0.3738,0.0467,0.0467,0.5327000000000001,2846768,4319021,1253560,1435878,0.2889,0.4382,0.1272,0.1457,71169,863804,250712,25191,107,9855227,92105,122,9947603,81538,21,1,0,1,3,0.2,0.0,0.2,0.6,8568,0,300000,39475,0.0246,0.0,0.8620000000000001,0.1134,8568,0,300000,13158,242,100,0.8197,48,0.6486,10232,24762,51588,4,0.0165,11,52,0.5238,2.4762,8,13,17,26,16,33,43,57,0.1311,0.2705,0.3525,0.4672,5,8,10,15,0.0676,0.1081,0.1351,0.2027,1,5,1,12536,19515,29020,25553,6268,7688,11473,11656,20058,31711,49334,44292,0,0,0,0,0.0,0.0,0.0,0.0,1,2,5,5,2,5,8,10,0.0476,0.0952,0.2381,0.2381,0.0952,0.2381,0.381,0.4762,0
13,17,4,191,10,4,2,47,23,0,2700000,938729,0,15,9,0,12,17.0,0,0,0,0,0.0,0.0,0.0,0.0,0,0,-1.0,0.0,0,0,0,0,0,0,0,0,0.0,0.0,0.0,0.0,0.0,0.0,0.0,0.0,2,25.0,1,25.0,0,-1.0,1,76.0,0,0,0,0,133,152,31937,1.51,1.66,157,186,27055,1.28,1.35,1,3,12,41,400,457,16,0.035,4,4,0.0255,0.0215,25,46,0.1374,0.1983,0,1,1,0.0,0.0054,0.0054,121,36,0,0.7706999999999999,0.2293,0.0,155,0.8333,4,0.0215,43,0.2312,0.1716,0.1119,0.0821,0.1567,0.0224,0.0149,0.2047,0.126,0.0866,0.1575,0.0236,0.0079,0.163,0.0815,0.0519,0.0593,0.0,0.0,0,0,3,3,1,1,0,0,101,0.4008,27,0.1343,0,0.0,6,0.0238,6,0.0395,10,0.0397,9,0.0592,205,207,204,206,4,6,6,7,0.0195,0.0289999999999999,0.0294,0.034,1,2,2,2,0.0049,0.0097,0.0098,0.0097,0,0,0,0,0.0,0.0,0.0,0.0,0,0,0,0,0.0,0.0,0.0,0.0,0,0,0,0,0.0,0.0,0.0,0.0,0,0,0,0,0.0,0.0,0.0,0.0,0,0,0,0,0,0.0,0.0,0.0,0.0,0.0,51,0.2024,8,0.0317,10,0.0397,0,0.0,0,0,0,0,0.0,0.0,0.0,0.0,67,0.21,0,0,0,0,0.0,0.0,0.0,0.0,4,0.0159,0,0,0,0,0.0,0.0,0.0,0.0,0,0,0,0,0.0,0.0,0.0,0.0,0,0,0,0,0.0,0.0,0.0,0.0,0,0,0,0,7,7,0.0,0.0,0.0,0.0,0.0,0.0,0.0,0,0,74,1,19,107,0.3682,0.005,0.0945,0.5323,1140676,500000,1272000,1334906,0.2685,0.1177,0.2995,0.3143,15415,500000,66947,12476,201,4247582,21132,252,5141519,20403,16,0,0,0,0,0.0,0.0,0.0,0.0,0,0,0,0,0.0,0.0,0.0,0.0,0,0,0,0,812,174,0.6905,134,0.7204,28196,131582,170860,6,0.0074,13,93,0.8125,5.8125,11,13,29,35,14,18,34,39,0.0556,0.0714,0.1349,0.1548,9,11,20,24,0.0484,0.0591,0.1075,0.129,4,4,4,104183,89006,56956,55462,81858,64282,48580,49774,127335,105189,82586,80883,0,0,0,0,0.0,0.0,0.0,0.0,2,2,2,2,2,2,2,2,0.125,0.125,0.125,0.125,0.125,0.125,0.125,0.125,0
14,18,5,280,3,1,4,41,15,0,432000,220432,1,11,5,0,5,3.0,0,1,1,1,0.0,0.2,0.2,0.2,0,0,-1.0,0.0,0,0,0,0,0,0,0,0,0.0,0.0,0.0,0.0,0.0,0.0,0.0,0.0,2,97.0,0,-1.0,1,203.0,1,97.0,0,0,0,0,75,86,23631,1.95,2.08,98,114,18085,1.49,1.57,0,1,1,10,75,87,2,0.023,2,2,0.0204,0.0175,0,0,0.0,0.0,0,0,1,0.0,0.0,0.0088,64,30,4,0.6531,0.3061,0.0408,87,0.7632,0,0.0,24,0.2105,0.3288,0.1918,0.0959,0.2329,0.0274,0.0137,0.3333,0.1867000000000001,0.08,0.1867000000000001,0.04,0.0133,0.25,0.15,0.0625,0.05,0.0,0.0,0,0,0,0,0,0,0,0,66,0.3687,11,0.0753,0,0.0,5,0.0279,3,0.0349,9,0.0503,6,0.0698,148,151,150,150,2,5,4,4,0.0135,0.0331,0.0267,0.0267,2,5,4,4,0.0135,0.0331,0.0267,0.0267,0,0,0,0,0.0,0.0,0.0,0.0,0,0,0,0,0.0,0.0,0.0,0.0,0,0,0,0,0.0,0.0,0.0,0.0,0,0,0,0,0.0,0.0,0.0,0.0,0,0,0,0,0,0.0,0.0,0.0,0.0,0.0,33,0.1844,18,0.1006,6,0.0335,1,0.0056,0,0,0,0,0.0,0.0,0.0,0.0,0,0.0,0,0,0,0,0.0,0.0,0.0,0.0,0,0.0,0,0,0,0,0.0,0.0,0.0,0.0,0,0,0,0,0.0,0.0,0.0,0.0,0,0,0,0,0.0,0.0,0.0,0.0,0,0,0,0,7,7,0.0,0.0,0.0,0.0,0.0,0.0,0.0,0,0,27,0,7,112,0.1849,0.0,0.0479,0.7671,296217,0,240000,1236135,0.1671,0.0,0.1354,0.6975,10971,0,34286,11037,146,1772352,12139,179,2559491,14299,19,0,0,0,0,0.0,0.0,0.0,0.0,0,0,0,0,0.0,0.0,0.0,0.0,0,0,0,0,271,85,0.4749,57,0.5,32083,102288,152534,2,0.0074,6,16,0.3158,0.8421,0,0,0,2,0,0,0,1,0.0,0.0,0.0,0.0056,0,0,0,1,0.0,0.0,0.0,0.0088,7,7,7,0,0,0,525,0,0,0,1050,0,0,0,1050,0,0,0,0,0.0,0.0,0.0,0.0,0,0,0,0,0,0,0,0,0.0,0.0,0.0,0.0,0.0,0.0,0.0,0.0,0
15,19,2,127,2,1,4,25,0,0,540000,779960,0,4,3,5,0,-1.0,0,0,0,0,0.0,0.0,0.0,0.0,0,0,-1.0,0.0,0,0,0,0,0,0,0,0,0.0,0.0,0.0,0.0,0.0,0.0,0.0,0.0,0,-1.0,0,-1.0,0,-1.0,0,-1.0,0,0,0,0,10,10,43397,1.7,1.8,10,10,43397,1.7,1.8,0,0,9,0,0,9,9,1.0,0,0,0.0,0.0,0,0,0.0,0.0,10,10,10,1.0,1.0,1.0,6,3,1,0.6,0.3,0.1,7,0.7000000000000001,0,0.0,1,0.1,0.2222,0.2222,0.0,0.1111,0.0,0.0,0.0,0.0,0.0,0.3333,0.0,0.0,0.2,0.1,0.0,0.0,0.0,0.0,0,0,0,0,0,0,0,0,4,0.2222,0,0.0,0,0.0,0,0.0,0,0.0,0,0.0,0,0.0,5,0,0,0,1,0,0,0,0.2,0.0,0.0,0.0,0,0,0,0,0.0,0.0,0.0,0.0,1,0,0,0,0.2,0.0,0.0,0.0,0,1,1,1,0.0,0.0556,0.0556,0.0556,0,0,0,0,0.0,0.0,0.0,0.0,0,1,1,1,0.0,0.0556,0.0556,0.0556,0,0,0,0,0,0.0,0.0,0.0,0.0,0.0,1,0.0556,0,0.0,1,0.0556,0,0.0,0,0,0,0,0.0,0.0,0.0,0.0,0,0.0,0,0,0,0,0.0,0.0,0.0,0.0,0,0.0,0,0,0,0,0.0,0.0,0.0,0.0,12,18,18,18,0.6667000000000001,1.0,1.0,1.0,272406,458656,458656,458656,0.5939,1.0,1.0,1.0,22701,25481,25481,25481,1,1,-0.3333,-0.5714,1.3333000000000002,0.0,2.0,0.0,2.0,2,1,8,0,0,9,0.4706,0.0,0.0,0.5294,329495,0,0,104471,0.7593000000000001,0.0,0.0,0.2407,41187,0,0,11608,17,433966,25527,18,458656,25481,2,8,0,0,10,0.4444,0.0,0.0,0.5556,329495,0,0,129161,0.7184,0.0,0.0,0.2816,41187,0,0,12916,0,0,0.0,0,0.0,0,0,0,0,0.0,0,0,0.0,0.0,0,0,0,0,0,0,0,0,0.0,0.0,0.0,0.0,0,0,0,0,0.0,0.0,0.0,0.0,0,0,0,0,0,0,0,0,0,0,0,0,0,0,0,0,0,0,0,0.0,0.0,0.0,0.0,0,0,0,0,0,0,0,0,0.0,0.0,0.0,0.0,0.0,0.0,0.0,0.0,0
16,20,4,212,10,4,2,50,24,0,1080000,2047197,6,25,5,2,7,5.0,0,1,2,2,0.0,0.1429,0.2857,0.2857,0,0,-1.0,0.0,0,0,0,0,0,0,0,0,0.0,0.0,0.0,0.0,0.0,0.0,0.0,0.0,0,-1.0,0,-1.0,0,-1.0,0,-1.0,0,0,0,0,99,119,24592,1.68,1.82,117,136,20809,1.42,1.59,1,3,18,25,202,249,22,0.0884,8,8,0.0684,0.0588,70,127,0.3743,0.4829,2,2,2,0.0147,0.0147,0.0147,87,27,3,0.7436,0.2308,0.0256,112,0.8235,4,0.0294,38,0.2794,0.1532,0.0991,0.0721,0.1532,0.0,0.0,0.1748,0.0874,0.0485,0.1456,0.0097,0.0097,0.1563,0.0729,0.0313,0.0417,0.0,0.0,0,0,1,1,4,1,0,0,87,0.4028000000000001,20,0.1205,0,0.0,10,0.0463,5,0.042,9,0.0417,8,0.0672,166,165,168,169,1,1,4,5,0.006,0.0061,0.0238,0.0296,1,1,1,2,0.006,0.0061,0.006,0.0118,0,0,0,0,0.0,0.0,0.0,0.0,0,0,0,0,0.0,0.0,0.0,0.0,0,0,0,0,0.0,0.0,0.0,0.0,0,0,0,0,0.0,0.0,0.0,0.0,0,0,0,0,0,0.0,0.0,0.0,0.0,0.0,50,0.2315,6,0.0278,6,0.0278,0,0.0,0,0,0,0,0.0,0.0,0.0,0.0,192,0.4706,0,0,2,8,0.0,0.0,0.5,0.8,4,0.0185,0,1,1,1,0.0,0.0046,0.0046,0.0046,1,2,2,2,0.0046,0.0093,0.0093,0.0093,5211,585274,585274,585274,0.0015,0.166,0.166,0.166,5211,292637,292637,292637,3,5,0.0,-1.0,0.0,0.0,0.0,0.0,0.0,0,0,58,2,3,103,0.3494,0.012,0.0181,0.6204999999999999,630751,948670,60000,795215,0.2591,0.3897,0.0246,0.3265999999999999,10875,474335,20000,7721,166,2434636,14666,216,3526169,16325,20,0,1,0,1,0.0,0.5,0.0,0.5,0,580063,0,5211,0.0,0.9911,0.0,0.0089,0,580063,0,5211,571,146,0.6759000000000001,87,0.6397,13836,54110,90806,6,0.0105,15,91,0.75,4.55,7,9,15,20,25,25,33,38,0.1157,0.1157,0.1528,0.1759,7,7,12,15,0.0515,0.0515,0.0882,0.1103,4,1,4,21371,56793,84562,67645,5984,20446,38437,35603,21371,73020,105703,90193,0,0,0,0,0.0,0.0,0.0,0.0,3,3,4,6,3,6,8,12,0.15,0.15,0.2,0.3,0.15,0.3,0.4,0.6,0
17,21,1,89,11,3,2,54,24,0,1350000,2099435,0,20,10,7,10,7.0,0,0,1,1,0.0,0.0,0.1,0.1,0,0,-1.0,0.0,0,0,0,0,0,0,0,0,0.0,0.0,0.0,0.0,0.0,0.0,0.0,0.0,0,-1.0,0,-1.0,0,-1.0,0,-1.0,0,0,0,0,382,410,90743,1.79,1.81,472,505,73440,1.45,1.47,1,5,25,39,331,401,31,0.0773,5,5,0.0106,0.0099,9,10,0.0187,0.0194,18,46,67,0.0356,0.0911,0.1326999999999999,314,148,10,0.6653,0.3136,0.0212,380,0.7525000000000001,13,0.0257,48,0.095,0.281,0.1863,0.1373,0.3072,0.0654,0.0294,0.2315,0.1484,0.1068,0.2315,0.0504,0.0148,0.2017,0.1105,0.0663,0.0414,0.0055,0.0028,0,0,7,1,8,2,0,0,310,0.4172,104,0.1523,0,0.0,29,0.039,23,0.0561,40,0.0538,33,0.0805,680,674,675,664,2,5,8,11,0.0029,0.0074,0.0119,0.0166,1,3,3,3,0.0015,0.0045,0.0044,0.0045,0,0,0,0,0.0,0.0,0.0,0.0,0,0,0,0,0.0,0.0,0.0,0.0,0,0,0,0,0.0,0.0,0.0,0.0,0,0,0,0,0.0,0.0,0.0,0.0,0,0,0,0,0,0.0,0.0,0.0,0.0,0.0,60,0.0808,14,0.0188,10,0.0135,3,0.004,0,0,0,0,0.0,0.0,0.0,0.0,10,0.0133,0,0,0,0,0.0,0.0,0.0,0.0,13,0.0175,0,0,0,0,0.0,0.0,0.0,0.0,3,14,14,25,0.004,0.0188,0.0188,0.0336,78360,1569166,1569166,1797348,0.0022,0.0433,0.0433,0.0496,26120,112083,112083,71894,5,5,0.0,-1.0,1.0,-1.0,-0.7778,8.0,8.0,1,1,243,27,40,373,0.3558,0.0395,0.0586,0.5461,3240856,21187126,4641253,5594481,0.0935,0.6112,0.1339,0.1614,13337,784708,116031,14999,683,34663717,50752,743,36238424,48773,167,6,4,0,15,0.24,0.16,0.0,0.6,55606,1388710,0,353032,0.0309,0.7726000000000001,0.0,0.1964,9268,347178,0,23535,1538,439,0.5908,316,0.6257,20557,72019,100051,6,0.0039,79,407,0.4731,2.4371,23,57,91,126,33,64,83,103,0.0444,0.0861,0.1117,0.1386,19,42,57,70,0.0376,0.0832,0.1129,0.1386,6,1,5,20031,34252,37548,51245,13961,30506,41168,62688,24249,46485,59946,92241,0,1,1,1,0.0,0.0175,0.011,0.0079,4,12,20,26,5,16,29,49,0.024,0.0719,0.1198,0.1557,0.0299,0.0958,0.1737,0.2934,0
18,22,4,283,10,3,4,51,25,0,900000,1959143,2,10,3,2,3,0.0,2,2,2,2,0.6667000000000001,0.6667000000000001,0.6667000000000001,0.6667000000000001,1,1,5.0,0.0042,0,1,1,1,0,0,1,1,0.0,1.0,1.0,1.0,0.0,0.0,0.5,0.5,0,-1.0,0,-1.0,0,-1.0,0,-1.0,0,0,0,0,116,125,47102,1.78,1.89,142,151,38477,1.46,1.56,1,2,3,10,117,133,6,0.0451,14,14,0.0986,0.0927,7,10,0.047,0.0621,2,2,2,0.0132,0.0132,0.0132,93,47,2,0.6548999999999999,0.331,0.0141,112,0.7417,2,0.0132,25,0.1656,0.217,0.1132,0.0849,0.2075,0.0094,0.0094,0.1786,0.0982,0.0804,0.1518,0.0,0.0,0.1368,0.0842,0.0737,0.0421,0.0,0.0,0,0,1,1,0,0,0,0,103,0.4364,46,0.2222,0,0.0,8,0.0339,5,0.04,7,0.0297,4,0.032,207,205,206,205,1,1,1,1,0.0048,0.0049,0.0049,0.0049,0,0,0,0,0.0,0.0,0.0,0.0,0,0,0,0,0.0,0.0,0.0,0.0,0,0,0,0,0.0,0.0,0.0,0.0,0,0,0,0,0.0,0.0,0.0,0.0,0,0,0,0,0.0,0.0,0.0,0.0,0,0,0,0,0,0.0,0.0,0.0,0.0,0.0,29,0.1229,2,0.0085,1,0.0042,3,0.0127,0,0,0,0,0.0,0.0,0.0,0.0,13,0.0522,0,0,0,0,0.0,0.0,0.0,0.0,2,0.0085,0,0,1,1,0.0,0.0,0.0042,0.0042,1,1,2,2,0.0042,0.0042,0.0085,0.0085,1960,1960,983632,983632,0.0004,0.0004,0.1761,0.1761,1960,1960,491816,491816,4,6,0.0,-1.0,0.0,0.0,0.0,0.0,0.0,0,0,95,1,7,104,0.4589,0.0048,0.0338,0.5024000000000001,541784,981672,2752000,1188335,0.0992,0.1797,0.5037,0.2175,5703,981672,393143,11426,207,5463791,26395,236,5584844,23665,26,0,1,0,1,0.0,0.5,0.0,0.5,0,981672,0,1960,0.0,0.998,0.0,0.002,0,981672,0,1960,537,145,0.6144,97,0.6424,45786,169565,253473,9,0.0168,18,99,0.6923,3.8077,4,7,9,13,5,9,14,19,0.0212,0.0381,0.0593,0.0805,3,6,8,12,0.0199,0.0397,0.053,0.0795,1,4,3,6634,32602,35999,35971,5307,25357,23142,24612,8845,38035,40499,38969,0,0,0,1,0.0,0.0,0.0,0.0769,1,1,1,2,2,2,2,3,0.0385,0.0385,0.0385,0.0769,0.0769,0.0769,0.0769,0.1154,0
19,23,2,15,2,1,2,48,19,1,900000,1548677,0,27,4,2,2,2.0,1,1,1,1,0.5,0.5,0.5,0.5,0,0,-1.0,0.0,0,0,0,0,0,0,0,0,0.0,0.0,0.0,0.0,0.0,0.0,0.0,0.0,1,75.0,0,-1.0,1,75.0,0,-1.0,0,0,0,0,108,121,91795,3.22,3.25,154,170,64376,2.26,2.31,3,5,1,22,72,103,9,0.0874,7,10,0.0455,0.0588,0,0,0.0,0.0,3,9,11,0.0176,0.0529,0.0647,67,61,26,0.4351,0.3961,0.1688,111,0.6529,10,0.0588,31,0.1824,0.3913,0.287,0.1739,0.1391,0.0261,0.0087,0.3281,0.2344,0.1328,0.1016,0.0156,0.0078,0.36,0.25,0.15,0.01,0.0,0.0,3,1,1,1,0,0,0,0,138,0.3511,49,0.1408,0,0.0,11,0.0279999999999999,10,0.0825999999999999,10,0.0254,4,0.0331,344,344,349,347,0,1,6,6,0.0,0.0029,0.0172,0.0173,0,1,3,3,0.0,0.0029,0.0086,0.0086,0,0,0,0,0.0,0.0,0.0,0.0,0,0,0,0,0.0,0.0,0.0,0.0,0,0,0,0,0.0,0.0,0.0,0.0,0,0,0,0,0.0,0.0,0.0,0.0,2,0,0,0,0,0.0051,0.0,0.0,0.0,0.0,45,0.1145,9,0.0229,28,0.0712,15,0.0382,0,0,0,0,0.0,0.0,0.0,0.0,0,0.0,0,0,0,0,0.0,0.0,0.0,0.0,15,0.0382,0,0,1,1,0.0,0.0,0.0025,0.0025,4,4,5,5,0.0102,0.0102,0.0127,0.0127,163610,163610,307992,307992,0.0136,0.0136,0.0256,0.0256,40903,40903,61598,61598,1,4,3.0,0.0,0.0,0.0,0.0,-1.0,3.0,1,1,125,5,22,196,0.3592,0.0144,0.0632,0.5632,3480096,3053626,828000,2552167,0.351,0.308,0.0835,0.2574,27841,610725,37636,13021,348,9913889,28488,393,12022819,30592,95,2,0,0,3,0.4,0.0,0.0,0.6,275434,0,0,32558,0.8943000000000001,0.0,0.0,0.1057,137717,0,0,10853,627,239,0.6081000000000001,99,0.5824,12241,32113,77526,6,0.0096,55,444,0.5789,4.6737,11,16,26,27,38,46,67,67,0.0967,0.1169999999999999,0.1705,0.1705,9,12,18,18,0.0529,0.0706,0.1059,0.1059,4,1,2,57831,46951,37579,72806,16740,16331,14583,29340,70682,62601,54281,109209,0,0,0,0,0.0,0.0,0.0,0.0,8,9,14,14,10,11,18,18,0.0842,0.0947,0.1474,0.1474,0.1053,0.1158,0.1895,0.1895,0
20,24,1,99,2,4,2,60,29,0,4500000,5367937,1,39,8,9,23,0.0,2,2,3,3,0.087,0.087,0.1304,0.1304,1,1,4.0,0.0018,0,1,1,1,0,1,1,1,0.0,1.0,1.0,1.0,0.0,0.1429,0.0833,0.0476,4,23.0,0,-1.0,0,-1.0,4,23.0,0,0,0,0,280,315,296036,1.66,1.76,310,351,267387,1.5,1.58,13,8,22,104,681,828,43,0.0519,35,39,0.1129,0.1111,6,6,0.019,0.0168,16,31,41,0.0456,0.0883,0.1168,223,74,13,0.7194,0.2387,0.0419,272,0.7748999999999999,36,0.1026,76,0.2165,0.1962,0.1396,0.0755,0.2,0.0528,0.0151,0.1684,0.0982,0.0667,0.1053,0.0139999999999999,0.0069999999999999,0.2043,0.1064,0.0638,0.0638,0.0,0.0,0,0,0,0,0,0,0,0,310,0.5586,125,0.2688,0,0.0,5,0.009,5,0.0159,10,0.018,9,0.0286,466,465,467,468,6,7,14,23,0.0129,0.0151,0.03,0.0491,0,0,0,0,0.0,0.0,0.0,0.0,0,0,0,0,0.0,0.0,0.0,0.0,0,0,0,0,0.0,0.0,0.0,0.0,0,0,0,0,0.0,0.0,0.0,0.0,0,0,0,0,0.0,0.0,0.0,0.0,0,0,0,0,0,0.0,0.0,0.0,0.0,0.0,90,0.1621999999999999,14,0.0252,5,0.009,0,0.0,0,0,0,0,0.0,0.0,0.0,0.0,13,0.0229,0,0,3,3,0.0,0.0,0.2,0.125,47,0.0847,4,4,4,5,0.0072,0.0072,0.0072,0.009,5,7,12,21,0.009,0.0126,0.0216,0.0378,142680,674960,3502475,9443075,0.0012,0.0059,0.0307,0.0827,28536,96423,291873,449670,4,6,0.0,-1.0,4.0,0.0,-1.0,0.0,4.0,1,1,254,23,38,150,0.5462,0.0495,0.0817,0.3226,15201580,42781354,21062400,3844610,0.1834,0.5161,0.2541,0.0464,59849,1860059,554274,25631,465,82889944,178258,555,114154617,205684,66,4,0,13,4,0.1905,0.0,0.619,0.1905,104492,0,9240600,97983,0.0111,0.0,0.9786,0.0104,26123,0,710815,24496,757,244,0.4396,178,0.5071,9354,29021,39782,10,0.0132,31,128,0.4697,1.9394,11,22,36,42,14,34,49,55,0.0252,0.0613,0.0883,0.0991,10,19,29,33,0.0285,0.0541,0.0825999999999999,0.094,6,5,4,14284,19995,16453,14988,11223,12938,12088,11445,15712,23152,20424,19076,0,0,0,0,0.0,0.0,0.0,0.0,1,4,4,5,1,5,5,6,0.0152,0.0606,0.0606,0.0758,0.0152,0.0758,0.0758,0.0909,0
